{
  "notification": "power", 
  "params": {
    "time": 1753730396,
    "site_load_p": 2.1732543945312505, 
    "net_p":-4.3857470703125, 
    "pv_p":6.5590014648437509, 
    "site_load_en":39676.479999999996, 
    "net_en":6473.23,  
    "pv_en":33203.25
  } 
}
